{
  "best_params": {
    "learning_rate": 2.2748284358505235e-05,
    "n_steps": 1024,
    "batch_size": 64,
    "n_epochs": 20,
    "gamma": 0.985033062037717,
    "gae_lambda": 0.8072877489754642,
    "clip_range": 0.27699791787925987,
    "ent_coef": 0.008596055834467948,
    "vf_coef": 0.8367074302725008,
    "max_grad_norm": 0.1212318650005304,
    "hidden_size": 256,
    "n_layers": 2,
    "lstm_hidden_size": 128,
    "n_lstm_layers": 1,
    "dropout": 0.2868891427682191,
    "risk_per_trade": 0.03531456415189981,
    "commission": 0.0005281904073223314
  },
  "best_score": -Infinity,
  "n_trials": 50,
  "timestamp": "20250704_105737"
}